time,open,high,low,close,volume
2020-01-02,21.25,22.27,21.25,22.15,1110
2020-01-03,22.64,22.64,21.74,22.46,1110
2020-01-06,22.33,22.46,22.33,22.46,2070
2020-01-07,22.46,22.64,22.33,22.64,2600
2020-01-08,21.93,21.93,21.9,21.9,900
2020-01-09,21.93,21.93,21.93,21.93,180
2020-01-10,21.93,21.93,21.93,21.93,0
2020-01-13,22.61,22.61,22.61,22.61,10
2020-01-14,22.55,22.55,22.55,22.55,100
2020-01-15,22.64,22.64,22.55,22.55,2520
2020-01-16,22.55,22.55,22.55,22.55,0
2020-01-17,22.74,22.74,21.71,21.71,410
2020-01-20,22.52,22.55,22.52,22.55,90
2020-01-21,22.61,22.61,22.61,22.61,2400
2020-01-22,22.02,22.02,22.02,22.02,100
2020-01-30,22.02,22.02,22.02,22.02,520
2020-01-31,22.02,22.09,22.02,22.09,2020
2020-02-03,22.02,22.33,21.71,22.33,5020
2020-02-04,21.77,22.74,21.71,22.74,6550
2020-02-05,22.33,22.33,22.33,22.33,720
2020-02-06,22.58,22.64,22.58,22.64,220
2020-02-07,22.64,22.64,22.64,22.64,1200
2020-02-10,22.89,22.89,22.89,22.89,300
2020-02-11,22.89,22.89,22.89,22.89,0
2020-02-12,22.83,22.83,22.83,22.83,50
2020-02-13,24.19,24.19,24.19,24.19,1300
2020-02-14,23.57,23.57,23.57,23.57,1000
2020-02-17,22.52,22.64,22.52,22.58,240
2020-02-18,23.08,23.08,22.4,22.4,620
2020-02-19,22.43,22.43,22.43,22.43,170
2020-02-20,22.43,22.95,22.43,22.95,2430
2020-02-21,22.64,22.64,22.64,22.64,10
2020-02-24,22.64,22.64,22.64,22.64,0
2020-02-25,21.71,21.96,21.4,21.96,1170
2020-02-26,21.96,21.96,21.96,21.96,0
2020-02-27,21.96,21.96,21.96,21.96,250
2020-02-28,21.96,22.33,21.96,22.02,1190
2020-03-02,22.02,22.02,22.02,22.02,10200
2020-03-03,22.02,22.21,21.74,22.21,1020
2020-03-04,21.84,22.02,21.84,21.9,3400
2020-03-05,21.96,21.96,21.9,21.9,1920
2020-03-06,22.02,22.02,22.02,22.02,10170
2020-03-09,21.9,21.9,21.77,21.77,540
2020-03-10,21.71,21.9,21.71,21.9,70
2020-03-11,22.02,22.02,21.71,21.71,3810
2020-03-12,21.09,21.77,20.22,20.78,1130
2020-03-13,20.47,20.78,20.16,20.47,4100
2020-03-16,20.47,20.47,19.85,19.85,4820
2020-03-17,19.57,19.85,19.36,19.85,2180
2020-03-18,19.85,19.85,19.85,19.85,2110
2020-03-19,19.85,19.85,19.85,19.85,2990
2020-03-20,19.85,19.85,19.7,19.7,530
2020-03-23,19.67,19.85,18.61,19.85,2260
2020-03-24,19.85,19.85,19.85,19.85,320
2020-03-25,19.85,19.85,19.85,19.85,2490
2020-03-26,19.85,19.85,19.29,19.29,6080
2020-03-27,20.04,20.04,19.85,19.91,70
2020-03-30,18.98,19.54,18.61,19.54,2620
2020-03-31,19.85,19.91,18.92,19.91,7480
2020-04-01,19.85,19.85,19.82,19.85,5290
2020-04-03,19.85,19.98,19.73,19.85,3100
2020-04-06,19.85,20.04,19.85,20.04,2600
2020-04-07,20.04,20.04,20.04,20.04,3020
2020-04-08,20.04,20.04,20.04,20.04,500
2020-04-09,19.73,19.85,19.73,19.85,2200
2020-04-10,20.29,20.29,19.85,19.85,1910
2020-04-13,20.47,20.47,19.85,20.47,520
2020-04-14,20.47,21.09,20.47,21.09,520
2020-04-15,20.97,21.09,20.97,21.09,790
2020-04-16,20.47,20.97,20.29,20.29,810
2020-04-17,20.47,20.47,20.16,20.47,1100
2020-04-20,20.47,20.78,20.16,20.78,870
2020-04-21,20.78,20.78,20.16,20.16,3880
2020-04-22,20.16,20.16,20.16,20.16,600
2020-04-23,20.72,20.72,19.98,20.16,320
2020-04-24,20.16,20.22,19.85,19.85,1520
2020-04-27,20.16,20.16,19.91,19.91,2290
2020-04-28,19.91,19.98,19.85,19.91,5080
2020-04-29,20.53,20.53,20.47,20.47,150
2020-05-04,20.16,20.16,20.16,20.16,510
2020-05-05,20.16,20.16,20.16,20.16,1290
2020-05-06,20.16,20.16,19.82,19.82,5550
2020-05-07,19.85,19.85,19.85,19.85,810
2020-05-08,19.85,20.66,19.79,19.91,1250
2020-05-11,19.91,20.29,19.91,19.91,980
2020-05-12,20.16,20.16,19.85,19.85,6230
2020-05-13,21.09,21.09,19.91,19.91,410
2020-05-14,20.16,20.47,20.16,20.47,400
2020-05-15,20.47,20.47,20.47,20.47,1490
2020-05-18,20.47,20.47,20.47,20.47,130
2020-05-19,20.47,21.09,20.16,21.09,800
2020-05-20,21.09,21.4,20.47,20.47,2070
2020-05-21,21.4,21.4,20.72,20.72,260
2020-05-22,20.78,20.78,20.53,20.53,2710
2020-05-25,21.96,21.96,21.4,21.96,2770
2020-05-26,22.05,22.05,21.96,21.96,3120
2020-05-27,22.02,22.02,22.02,22.02,40
2020-05-28,22.05,22.05,21.71,21.71,3280
2020-05-29,22.05,23.14,22.05,23.14,210
2020-06-01,21.74,22.64,21.74,21.77,880
2020-06-02,21.84,21.84,21.77,21.77,3580
2020-06-03,21.77,21.77,21.77,21.77,500
2020-06-04,21.77,21.77,21.77,21.77,1600
2020-06-05,21.77,21.9,21.77,21.9,220
2020-06-08,21.93,21.93,21.84,21.84,1070
2020-06-09,21.87,21.87,21.87,21.87,530
2020-06-10,22.33,22.33,21.9,21.9,630
2020-06-11,22.33,22.33,21.9,21.96,3210
2020-06-12,21.96,22.02,21.09,21.09,7140
2020-06-15,22.52,22.52,21.71,22.3,700
2020-06-16,22.33,22.33,22.33,22.33,2120
2020-06-17,23.31,23.31,22.66,22.98,1250
2020-06-18,23.05,23.05,23.05,23.05,580
2020-06-19,23.05,23.05,23.05,23.05,1300
2020-06-22,23.31,23.31,23.05,23.31,700
2020-06-23,22.72,23.31,22.72,23.31,40
2020-06-24,23.31,23.31,23.31,23.31,80
2020-06-25,23.31,23.31,22.79,22.79,1750
2020-06-26,23.31,23.95,23.31,23.95,1650
2020-06-29,22.72,22.72,22.72,22.72,10
2020-06-30,22.72,22.75,22.72,22.72,1200
2020-07-01,22.69,22.72,22.53,22.72,530
2020-07-02,22.66,22.66,22.66,22.66,740
2020-07-03,22.66,22.69,22.66,22.69,330
2020-07-06,22.69,22.69,22.69,22.69,440
2020-07-07,23.31,23.31,22.69,22.69,160
2020-07-08,22.69,22.69,22.69,22.69,100
2020-07-09,22.69,22.69,22.69,22.69,0
2020-07-10,22.69,22.98,22.69,22.98,1130
2020-07-13,22.98,22.98,22.69,22.69,540
2020-07-14,22.72,22.72,22.66,22.66,2370
2020-07-15,22.72,22.72,22.66,22.72,10050
2020-07-16,22.72,22.72,22.72,22.72,0
2020-07-17,22.98,22.98,22.98,22.98,10
2020-07-20,22.69,22.69,22.66,22.66,130
2020-07-21,22.66,22.66,22.66,22.66,0
2020-07-22,22.66,22.66,22.66,22.66,0
2020-07-23,22.66,22.69,22.66,22.66,1970
2020-07-24,22.69,22.69,22.66,22.66,2380
2020-07-27,22.66,22.66,22.4,22.4,1030
2020-07-28,22.66,22.66,22.66,22.66,20
2020-07-29,22.53,22.53,22.53,22.53,100
2020-07-30,22.53,22.53,22.53,22.53,140
2020-07-31,22.53,22.53,22.33,22.33,1000
2020-08-03,22.33,22.98,22.33,22.98,110
2020-08-04,22.98,22.98,22.53,22.53,1030
2020-08-05,22.53,22.98,22.53,22.98,1120
2020-08-06,22.98,23.01,22.98,22.98,2290
2020-08-07,23.18,23.18,22.98,22.98,2740
2020-08-10,22.98,23.05,22.66,22.66,2080
2020-08-11,22.98,22.98,22.98,22.98,20
2020-08-12,22.98,22.98,22.98,22.98,10
2020-08-13,23.89,23.89,23.89,23.89,40
2020-08-14,23.31,23.31,22.79,22.79,2280
2020-08-17,22.98,23.31,22.98,22.98,4880
2020-08-18,22.98,23.05,22.98,23.05,15420
2020-08-19,23.31,24.6,23.18,24.08,11260
2020-08-20,24.08,25.25,24.08,24.92,13520
2020-08-21,25.15,25.25,24.92,25.15,9010
2020-08-24,25.25,25.25,24.99,25.18,21190
2020-08-25,25.21,25.89,25.21,25.89,27730
2020-08-26,25.89,26.22,25.7,25.89,11950
2020-08-27,26.19,26.22,25.86,26.12,14300
2020-08-28,25.93,26.22,25.89,25.96,17250
2020-08-31,26.12,26.12,25.96,26.09,12330
2020-09-01,26.09,26.22,26.06,26.22,7380
2020-09-03,26.22,26.22,26.09,26.09,14990
2020-09-04,25.96,26.22,25.89,26.22,6750
2020-09-07,26.22,26.22,25.89,26.15,7830
2020-09-08,25.93,26.06,25.89,25.96,6480
2020-09-09,25.89,26.12,25.89,26.12,7840
2020-09-10,26.12,26.32,26.09,26.32,7590
2020-09-11,26.32,26.32,26.19,26.28,8020
2020-09-14,26.35,26.87,26.35,26.54,12330
2020-09-15,27.19,27.19,26.87,26.87,11080
2020-09-16,26.87,27.19,26.87,27.19,4000
2020-09-17,27.19,27.19,26.61,26.61,9400
2020-09-18,26.67,26.67,26.61,26.61,410
2020-09-21,26.57,26.61,26.57,26.57,790
2020-09-22,26.57,26.87,26.57,26.87,2670
2020-09-23,26.87,26.87,26.87,26.87,2800
2020-09-24,26.87,26.87,26.87,26.87,2110
2020-09-25,26.87,27.51,26.87,27.51,2660
2020-09-28,27.51,27.51,27.19,27.19,2440
2020-09-29,27.19,27.19,27.19,27.19,2710
2020-09-30,27.19,27.48,27.19,27.48,560
2020-10-01,27.32,27.64,26.61,27.19,90
2020-10-02,26.87,27.19,26.74,27.19,3110
2020-10-05,26.87,27.19,25.89,27.16,7400
2020-10-06,26.54,27.12,26.38,27.12,1420
2020-10-07,26.54,27.09,26.54,26.87,6110
2020-10-08,26.61,26.87,26.54,26.87,2810
2020-10-09,26.87,26.87,26.87,26.87,530
2020-10-12,26.87,26.87,26.57,26.61,1230
2020-10-13,26.61,26.67,26.48,26.54,6480
2020-10-14,26.54,26.54,26.54,26.54,1750
2020-10-15,26.54,26.54,26.54,26.54,1560
2020-10-16,26.54,26.54,26.54,26.54,710
2020-10-19,26.54,26.54,26.54,26.54,2520
2020-10-20,26.61,26.87,26.54,26.54,2330
2020-10-21,26.54,26.54,26.54,26.54,3500
2020-10-22,26.54,26.54,26.54,26.54,1530
2020-10-23,26.61,27.03,26.61,27.03,500
2020-10-26,26.61,26.61,26.61,26.61,1590
2020-10-27,26.54,26.67,26.54,26.54,2800
2020-10-28,26.54,26.67,26.54,26.67,2380
2020-10-29,26.67,26.67,26.61,26.61,1750
2020-10-30,27.06,27.06,27.06,27.06,10
2020-11-02,26.54,26.54,26.22,26.22,1770
2020-11-03,26.22,26.22,26.02,26.22,2000
2020-11-04,26.96,26.96,26.93,26.93,240
2020-11-05,27.19,27.19,27.16,27.16,30
2020-11-06,26.61,26.87,26.61,26.87,1010
2020-11-09,27.19,27.19,27.19,27.19,410
2020-11-10,27.19,27.19,26.54,26.54,2240
2020-11-11,28.29,28.29,27.19,27.38,3010
2020-11-12,28.29,28.29,27.19,27.19,1810
2020-11-13,27.19,27.19,27.19,27.19,1100
2020-11-16,27.19,27.19,27.19,27.19,2190
2020-11-17,27.19,27.32,27.19,27.19,2810
2020-11-18,27.19,27.19,27.19,27.19,1000
2020-11-19,27.19,28.03,27.19,27.25,2050
2020-11-20,27.25,28.13,27.25,28.1,5240
2020-11-23,28.1,28.1,27.97,27.97,800
2020-11-24,27.97,27.97,27.97,27.97,0
2020-11-25,27.97,27.97,27.9,27.9,4990
2020-11-26,27.9,27.9,27.9,27.9,50
2020-11-27,27.9,27.9,27.9,27.9,0
2020-11-30,27.51,27.51,27.38,27.38,1150
2020-12-01,27.32,28.06,27.32,28.06,2940
2020-12-02,27.84,28.06,27.84,28.06,3770
2020-12-03,27.84,27.84,27.84,27.84,1020
2020-12-04,27.58,27.61,27.19,27.19,4550
2020-12-07,27.84,27.84,27.19,27.19,1050
2020-12-08,27.25,27.38,27.25,27.38,240
2020-12-09,28.03,28.03,27.84,28.03,980
2020-12-10,28.03,28.03,28.03,28.03,0
2020-12-11,27.19,27.84,27.19,27.25,860
2020-12-14,27.19,27.19,27.19,27.19,1270
2020-12-15,27.19,27.19,25.89,26.54,1450
2020-12-16,27.51,27.51,26.54,26.54,3370
2020-12-17,27.19,27.32,26.74,26.74,3980
2020-12-18,26.54,27.19,26.54,26.54,1880
2020-12-21,26.54,26.61,26.54,26.54,8330
2020-12-22,26.54,26.54,26.54,26.54,1290
2020-12-23,26.54,26.54,26.54,26.54,90
2020-12-24,26.54,27.19,26.54,27.19,2780
2020-12-25,27.19,27.32,27.19,27.19,1930
2020-12-28,25.93,27.19,25.93,27.19,1310
2020-12-29,27.25,27.25,27.19,27.25,250
2020-12-30,27.25,27.25,27.25,27.25,110
2020-12-31,27.51,27.51,27.25,27.25,520
2021-01-04,27.25,27.25,27.19,27.19,1800
2021-01-05,27.19,27.19,27.19,27.19,1000
2021-01-06,26.8,26.8,26.8,26.8,500
2021-01-07,27.19,27.19,27.16,27.19,2000
2021-01-08,27.19,27.19,27.19,27.19,0
2021-01-11,27.19,27.19,27.19,27.19,1400
2021-01-12,27.0,27.19,27.0,27.19,2300
2021-01-13,27.19,27.19,27.12,27.19,2500
2021-01-14,27.19,27.19,26.54,26.54,5800
2021-01-15,26.54,26.61,26.54,26.54,2000
2021-01-18,26.87,26.87,26.54,26.87,10900
2021-01-19,26.87,26.87,26.87,26.87,2000
2021-01-20,26.54,26.54,26.28,26.28,1500
2021-01-21,26.28,26.74,26.28,26.74,600
2021-01-22,26.15,26.15,26.15,26.15,300
2021-01-25,26.19,26.22,26.15,26.15,3000
2021-01-26,26.15,26.15,26.15,26.15,200
2021-01-27,26.41,26.41,25.89,25.89,1400
2021-01-28,25.89,25.89,25.25,25.83,5400
2021-01-29,25.83,25.83,25.83,25.83,0
2021-02-01,25.7,25.89,25.7,25.89,500
2021-02-02,25.57,25.89,25.57,25.89,700
2021-02-03,25.89,25.89,25.89,25.89,500
2021-02-04,25.89,25.89,25.89,25.89,1500
2021-02-05,25.57,25.7,25.57,25.57,3300
2021-02-08,25.64,25.64,25.57,25.57,1500
2021-02-09,25.57,25.57,25.57,25.57,800
2021-02-17,25.57,25.89,25.57,25.57,7600
2021-02-18,25.57,25.89,25.57,25.89,2900
2021-02-19,25.89,25.89,25.57,25.89,5100
2021-02-22,26.35,27.48,26.35,27.19,1600
2021-02-23,27.38,27.38,26.57,27.19,5700
2021-02-24,27.19,27.25,27.19,27.22,3100
2021-02-25,26.61,27.19,26.61,27.19,300
2021-02-26,27.19,27.19,26.67,27.19,7100
2021-03-01,27.19,27.19,25.31,27.19,14900
2021-03-02,27.19,27.38,27.19,27.19,800
2021-03-03,27.35,27.38,26.87,27.19,4200
2021-03-04,26.74,27.16,26.74,26.74,2100
2021-03-05,27.16,27.19,27.16,27.19,3400
2021-03-08,27.38,27.38,27.12,27.12,17100
2021-03-09,27.59,27.8,27.59,27.8,2600
2021-03-10,27.53,27.53,27.53,27.53,1100
2021-03-11,26.25,27.53,26.25,26.52,10800
2021-03-12,26.86,26.86,26.86,26.86,100
2021-03-15,26.86,26.86,26.52,26.52,3800
2021-03-16,26.18,26.18,26.05,26.15,9500
2021-03-17,26.15,26.82,26.15,26.82,5500
2021-03-18,26.72,26.72,26.18,26.25,5400
2021-03-19,27.19,27.19,26.79,27.19,11000
2021-03-22,27.06,27.06,26.52,26.86,1800
2021-03-23,26.52,26.86,26.52,26.86,1300
2021-03-24,26.72,26.86,26.59,26.59,6600
2021-03-25,26.52,26.79,26.52,26.79,11000
2021-03-26,26.86,26.86,26.86,26.86,11000
2021-03-29,26.89,27.86,26.89,27.86,32100
2021-03-30,27.86,28.2,27.86,28.17,21500
2021-03-31,28.17,28.17,28.0,28.17,4800
2021-04-01,27.86,28.0,27.53,28.0,9800
2021-04-02,28.0,28.0,27.86,27.86,1200
2021-04-05,27.93,27.96,27.86,27.86,6300
2021-04-06,27.66,27.96,26.96,26.96,13100
2021-04-07,26.96,27.63,26.96,27.63,2600
2021-04-08,27.46,27.63,27.46,27.53,5200
2021-04-09,27.63,28.2,26.92,28.2,11500
2021-04-12,28.17,28.17,28.1,28.1,1700
2021-04-13,27.53,27.53,27.53,27.53,1300
2021-04-14,28.0,28.0,27.59,27.93,4700
2021-04-15,27.96,28.53,27.96,28.53,15900
2021-04-16,28.43,28.87,28.43,28.53,27000
2021-04-19,28.53,28.84,28.53,28.8,17900
2021-04-20,28.84,28.87,28.8,28.8,13500
2021-04-22,28.8,28.8,28.53,28.53,16000
2021-04-23,28.53,28.53,28.23,28.4,14400
2021-04-26,28.4,28.47,28.4,28.4,2200
2021-04-27,28.4,28.53,28.33,28.53,17400
2021-04-28,28.53,28.53,28.47,28.47,3200
2021-04-29,28.53,28.53,28.4,28.53,10800
2021-05-04,28.53,28.53,28.27,28.53,9700
2021-05-05,28.6,28.67,28.33,28.53,17900
2021-05-06,28.4,28.4,28.4,28.4,2000
2021-05-07,28.4,28.4,28.2,28.4,4000
2021-05-10,27.12,28.37,27.12,28.2,6500
2021-05-11,28.37,29.21,28.37,28.87,13300
2021-05-12,29.21,29.21,28.94,28.97,7600
2021-05-13,29.04,29.04,29.0,29.0,600
2021-05-14,28.87,29.04,28.74,28.74,2100
2021-05-17,28.74,28.74,28.74,28.74,0
2021-05-18,28.6,28.6,28.6,28.6,1800
2021-05-19,28.87,28.94,28.74,28.94,9800
2021-05-20,28.2,28.8,28.2,28.8,12100
2021-05-21,28.77,28.77,28.7,28.77,9000
2021-05-24,28.84,28.87,28.77,28.84,18700
2021-05-25,29.07,30.85,28.87,30.85,65300
2021-05-26,31.86,33.0,31.86,32.73,52300
2021-05-27,32.73,32.73,31.56,31.56,16400
2021-05-28,31.56,31.56,30.28,30.92,13600
2021-05-31,30.92,31.22,30.92,31.19,27200
2021-06-01,31.42,31.69,31.42,31.56,14300
2021-06-02,32.03,32.9,32.03,32.9,43600
2021-06-03,33.37,33.37,32.9,33.1,36400
2021-06-04,33.1,33.17,32.7,32.97,19200
2021-06-07,35.26,35.26,34.0,34.74,44500
2021-06-08,32.52,32.56,32.34,32.37,17500
2021-06-09,30.41,31.41,30.16,30.34,28500
2021-06-10,30.34,30.6,30.34,30.6,4800
2021-06-11,30.67,31.04,30.67,30.67,8700
2021-06-14,30.08,31.04,30.08,30.67,4600
2021-06-15,30.67,30.89,30.52,30.71,13400
2021-06-16,30.41,31.04,30.41,31.04,4600
2021-06-17,32.52,32.52,29.56,31.41,5300
2021-06-18,29.64,31.04,29.64,30.89,5700
2021-06-21,30.23,31.04,30.23,30.97,14400
2021-06-22,30.89,30.89,30.89,30.89,2100
2021-06-23,30.89,30.89,30.08,30.08,4900
2021-06-24,31.34,31.34,30.23,30.3,2600
2021-06-25,30.82,30.82,30.01,30.23,1700
2021-06-28,30.23,30.23,30.04,30.23,4500
2021-06-29,30.23,30.3,30.16,30.3,4100
2021-06-30,30.01,30.3,30.01,30.3,1300
2021-07-01,30.3,30.52,30.08,30.08,1200
2021-07-02,30.16,30.3,30.04,30.04,3700
2021-07-05,30.08,30.16,30.04,30.08,9000
2021-07-06,30.08,30.3,29.79,30.16,6900
2021-07-07,29.93,29.93,29.49,29.79,7600
2021-07-08,29.93,29.93,29.64,29.79,2700
2021-07-09,29.79,29.79,29.64,29.64,5100
2021-07-12,29.19,29.42,28.82,28.82,5400
2021-07-13,28.86,29.93,28.86,29.93,300
2021-07-14,29.93,29.93,29.56,29.56,4000
2021-07-15,29.56,29.71,29.19,29.71,2000
2021-07-16,29.71,29.86,29.71,29.86,1200
2021-07-19,29.86,29.86,29.12,29.86,1900
2021-07-20,29.23,29.79,29.23,29.79,2500
2021-07-21,29.79,29.93,29.75,29.93,2500
2021-07-22,29.56,29.93,29.56,29.93,1400
2021-07-23,30.67,30.67,29.82,30.3,4600
2021-07-26,30.3,30.3,29.56,30.01,4300
2021-07-27,29.97,30.01,29.97,30.01,500
2021-07-28,29.64,30.01,29.64,30.01,900
2021-07-29,30.16,30.3,30.01,30.08,5000
2021-07-30,30.08,30.08,29.82,29.82,2700
2021-08-02,29.86,29.86,29.82,29.86,1000
2021-08-03,29.93,30.38,29.93,30.38,1400
2021-08-04,30.38,31.04,30.38,30.67,2600
2021-08-05,30.82,30.82,29.42,30.67,2200
2021-08-06,30.82,30.82,30.3,30.75,1600
2021-08-09,30.3,30.64,30.3,30.64,1400
2021-08-10,30.97,30.97,30.64,30.64,20400
2021-08-11,30.6,30.82,30.6,30.82,22900
2021-08-12,30.38,30.86,30.38,30.86,300
2021-08-13,31.04,32.15,31.04,31.78,3000
2021-08-16,31.04,31.26,31.04,31.26,2000
2021-08-17,31.78,31.78,31.78,31.78,100
2021-08-18,31.78,31.86,31.78,31.78,4600
2021-08-19,31.78,31.78,31.78,31.78,0
2021-08-20,30.67,30.67,30.3,30.3,6000
2021-08-23,30.38,30.38,30.38,30.38,600
2021-08-24,30.38,30.38,30.38,30.38,1700
2021-08-25,30.45,30.67,30.45,30.67,2100
2021-08-26,30.67,31.41,30.67,31.01,1500
2021-08-27,31.01,31.01,31.01,31.01,100
2021-08-30,31.78,31.78,31.71,31.71,1500
2021-08-31,31.71,31.71,31.71,31.71,0
2021-09-01,31.71,31.71,31.63,31.63,6900
2021-09-06,31.78,31.78,31.78,31.78,4000
2021-09-07,31.86,33.0,31.86,32.89,13600
2021-09-08,33.85,33.85,32.96,32.96,5800
2021-09-09,33.7,33.7,32.52,32.52,8100
2021-09-10,33.15,33.15,32.52,33.11,3000
2021-09-13,33.41,33.41,32.89,33.15,1400
2021-09-14,33.15,33.15,32.52,32.56,4600
2021-09-15,32.52,33.19,32.45,33.19,7200
2021-09-16,33.19,33.26,32.82,32.89,7900
2021-09-17,32.82,33.33,32.82,33.26,3200
2021-09-20,33.26,33.26,33.26,33.26,5300
2021-09-21,33.26,33.26,33.26,33.26,5600
2021-09-22,33.26,33.56,33.26,33.56,4300
2021-09-23,33.43,34.26,33.43,34.26,1500
2021-09-24,34.03,34.03,33.96,33.96,2200
2021-09-27,33.96,33.96,33.88,33.92,8900
2021-09-28,33.39,33.73,33.39,33.73,1400
2021-09-29,33.73,33.81,33.73,33.81,2100
2021-09-30,33.05,33.92,33.05,33.92,3800
2021-10-01,33.96,33.96,33.96,33.96,1000
2021-10-04,33.43,33.58,33.43,33.43,1000
2021-10-05,33.81,34.19,33.73,34.19,11200
2021-10-06,34.19,34.19,34.19,34.19,100
2021-10-07,34.26,34.87,34.26,34.87,1600
2021-10-08,35.33,35.63,34.57,35.33,2800
2021-10-11,34.95,35.33,34.95,34.95,1200
2021-10-12,34.95,34.95,34.57,34.57,1700
2021-10-13,34.57,34.95,34.41,34.95,2200
2021-10-14,34.95,34.95,34.95,34.95,1700
2021-10-15,34.95,37.38,34.95,37.38,18700
2021-10-18,36.84,38.67,36.84,38.36,10500
2021-10-19,38.74,38.74,37.91,37.91,5000
2021-10-20,37.95,37.95,36.84,36.84,9400
2021-10-21,38.67,38.67,37.98,38.36,3300
2021-10-22,37.0,37.87,36.92,37.87,1200
2021-10-25,38.74,38.74,38.21,38.21,18700
2021-10-26,37.98,38.06,37.68,38.06,4500
2021-10-27,38.74,38.74,37.6,37.98,8900
2021-10-28,37.98,38.52,37.98,38.06,11700
2021-10-29,38.06,38.21,37.6,38.06,14200
2021-11-01,38.06,38.06,37.76,37.98,4300
2021-11-02,38.06,38.67,37.98,37.98,11500
2021-11-03,38.29,38.36,37.98,37.98,800
2021-11-04,37.98,38.21,37.98,37.98,4500
2021-11-05,38.36,38.74,37.98,37.98,14700
2021-11-08,40.26,40.26,37.98,39.12,1400
2021-11-09,39.12,40.11,38.74,38.74,4000
2021-11-10,39.12,39.12,37.98,37.98,2200
2021-11-11,38.36,38.36,37.98,38.36,5400
2021-11-12,37.98,37.98,37.98,37.98,500
2021-11-15,37.98,37.98,37.6,37.98,800
2021-11-16,36.77,37.98,36.77,37.98,2500
2021-11-17,38.06,38.06,37.98,38.06,600
2021-11-18,37.76,38.06,37.76,38.06,500
2021-11-19,38.06,38.06,37.22,37.22,4800
2021-11-22,37.38,37.45,37.38,37.45,200
2021-11-23,37.53,37.98,37.53,37.98,2700
2021-11-24,37.3,37.3,37.3,37.3,100
2021-11-25,37.6,37.98,37.38,37.38,1100
2021-11-26,37.6,37.64,37.6,37.64,3900
2021-11-29,37.6,37.72,37.6,37.68,400
2021-11-30,37.68,37.91,35.71,37.91,2200
2021-12-01,37.91,37.91,37.91,37.91,0
2021-12-02,37.91,37.91,37.91,37.91,0
2021-12-03,37.91,37.91,36.47,37.91,700
2021-12-06,35.71,37.91,35.29,37.91,2600
2021-12-07,37.91,37.98,37.91,37.98,500
2021-12-08,37.98,37.98,37.6,37.6,2200
2021-12-09,37.0,37.22,37.0,37.22,300
2021-12-10,37.6,37.83,37.6,37.83,1100
2021-12-13,37.6,37.91,37.3,37.57,7200
2021-12-14,37.57,37.98,37.57,37.98,2700
2021-12-15,37.6,37.6,37.6,37.6,1000
2021-12-16,37.68,37.68,37.26,37.41,2600
2021-12-17,39.96,39.96,37.98,37.98,500
2021-12-20,37.98,37.98,37.98,37.98,200
2021-12-21,38.36,38.36,38.36,38.36,1000
2021-12-22,38.36,38.36,38.36,38.36,0
2021-12-23,38.36,38.36,36.47,36.47,3900
2021-12-24,38.36,38.74,38.29,38.52,4600
2021-12-27,38.52,38.74,37.98,38.74,3600
2021-12-28,38.74,38.74,38.74,38.74,0
2021-12-29,38.67,38.74,38.36,38.36,1300
2021-12-30,39.5,39.5,37.98,39.5,2400
2021-12-31,39.5,39.96,38.74,39.12,4000
2022-01-04,39.43,39.88,39.43,39.88,700
2022-01-05,40.26,40.26,39.88,39.88,2500
2022-01-06,37.98,39.73,37.98,39.73,800
2022-01-07,39.73,39.73,39.73,39.73,0
2022-01-10,38.36,38.44,38.36,38.44,4200
2022-01-11,38.97,38.97,38.14,38.14,5300
2022-01-12,39.5,39.5,39.5,39.5,100
2022-01-13,38.06,39.5,37.98,39.5,500
2022-01-14,42.24,42.24,39.5,40.49,55900
2022-01-17,40.49,41.4,40.49,40.57,23000
2022-01-18,40.64,40.64,40.57,40.57,5800
2022-01-19,40.57,41.02,40.57,41.02,300
2022-01-20,41.02,41.02,41.02,41.02,0
2022-01-21,41.18,41.33,41.18,41.33,3900
2022-01-24,41.48,41.78,41.48,41.78,2400
2022-01-25,42.24,42.54,42.16,42.54,17900
2022-01-26,42.54,43.15,42.54,43.15,7300
2022-01-27,43.3,43.45,43.07,43.23,15200
2022-01-28,43.61,43.61,43.23,43.45,1400
2022-02-07,43.45,43.61,43.07,43.3,28000
2022-02-08,43.68,43.68,42.54,43.61,5000
2022-02-09,43.61,43.68,43.61,43.68,300
2022-02-10,43.3,43.45,41.78,43.45,700
2022-02-11,43.0,43.68,43.0,43.61,1100
2022-02-14,43.61,43.68,43.61,43.61,7700
2022-02-15,43.68,46.34,43.68,46.34,20600
2022-02-16,45.96,46.72,45.96,46.19,19300
2022-02-17,46.34,46.57,46.34,46.49,7300
2022-02-18,46.49,46.49,46.49,46.49,0
2022-02-21,44.06,45.96,43.45,45.96,11700
2022-02-22,43.38,45.96,43.3,45.96,2300
2022-02-23,42.77,45.51,42.77,45.43,10100
2022-02-24,44.06,44.06,42.85,43.45,1600
2022-02-25,43.3,45.51,43.3,45.51,2400
2022-02-28,43.3,45.05,43.3,45.05,2400
2022-03-01,44.44,44.59,43.68,44.59,900
2022-03-02,43.68,43.68,43.3,43.3,1500
2022-03-03,43.3,44.37,43.3,44.37,2300
2022-03-04,44.29,44.67,43.45,44.67,1800
2022-03-07,44.14,44.82,44.14,44.82,22900
2022-03-08,44.97,45.2,44.97,45.05,6900
2022-03-09,45.05,45.43,44.9,45.43,800
2022-03-10,45.81,45.81,45.58,45.58,1300
2022-03-11,45.66,45.66,45.58,45.58,1800
2022-03-14,46.19,46.19,46.19,46.19,100
2022-03-15,43.53,45.58,43.45,43.53,8400
2022-03-16,44.97,44.97,44.97,44.97,100
2022-03-17,44.97,45.51,44.97,45.51,300
2022-03-18,45.58,45.58,44.82,44.82,4400
2022-03-21,45.58,45.58,44.82,44.82,200
2022-03-22,44.82,44.82,44.82,44.82,0
2022-03-23,44.75,44.75,44.75,44.75,500
2022-03-24,44.44,44.44,44.21,44.44,2800
2022-03-25,44.06,44.06,44.06,44.06,2000
2022-03-28,45.35,45.35,44.52,44.52,200
2022-03-29,44.82,45.58,44.67,45.58,1300
2022-03-30,45.58,45.58,45.58,45.58,1000
2022-03-31,45.58,45.58,45.51,45.58,3400
2022-04-01,45.58,45.58,45.51,45.58,900
2022-04-04,45.96,45.96,45.66,45.81,4400
2022-04-05,45.96,45.96,45.81,45.96,10600
2022-04-06,46.19,46.34,46.19,46.34,700
2022-04-07,46.34,46.49,45.58,45.58,5100
2022-04-08,45.58,45.58,45.58,45.58,1400
2022-04-12,45.58,45.58,45.58,45.58,500
2022-04-13,46.34,46.34,45.66,46.34,4300
2022-04-14,47.1,47.1,46.34,46.34,1400
2022-04-15,46.57,46.72,46.34,46.72,1600
2022-04-18,46.72,46.72,46.72,46.72,600
2022-04-19,47.1,47.1,47.1,47.1,1000
2022-04-20,47.1,47.1,46.72,46.72,2600
2022-04-21,47.78,47.78,46.8,47.1,1300
2022-04-22,47.1,47.33,47.1,47.33,4700
2022-04-25,47.33,47.86,46.11,46.11,6400
2022-04-26,46.19,47.1,46.19,46.34,1800
2022-04-27,47.1,47.86,47.1,47.86,3700
2022-04-28,47.86,47.86,47.1,47.1,1800
2022-04-29,47.48,47.86,47.1,47.1,3500
2022-05-04,47.1,47.1,45.96,45.96,4200
2022-05-05,45.96,45.96,45.58,45.58,6800
2022-05-06,47.1,47.86,45.81,45.81,4300
2022-05-09,46.19,47.48,46.11,46.11,4400
2022-05-10,46.72,49.3,46.34,49.3,10300
2022-05-11,47.86,50.9,47.86,50.44,3100
2022-05-12,50.44,50.9,50.44,50.9,5600
2022-05-13,48.16,50.06,47.48,47.78,4700
2022-05-16,49.38,49.53,45.96,49.53,16900
2022-05-17,49.3,50.9,49.0,50.82,15500
2022-05-18,50.82,50.82,50.82,50.82,400
2022-05-19,47.33,50.06,47.33,50.06,2300
2022-05-20,47.48,47.86,46.57,46.8,11000
2022-05-23,47.18,47.18,46.49,46.49,5200
2022-05-24,46.49,47.1,46.49,47.1,400
2022-05-25,47.1,47.1,46.64,46.64,2600
2022-05-26,47.1,47.1,45.51,45.58,2700
2022-05-27,45.81,46.87,45.58,46.87,2500
2022-05-30,47.1,47.1,45.73,46.95,6600
2022-05-31,46.95,46.95,46.95,46.95,3300
2022-06-01,46.57,46.57,46.34,46.34,4200
2022-06-02,45.96,46.34,45.96,46.34,1200
2022-06-03,46.34,46.34,44.9,44.9,5300
2022-06-06,46.04,46.57,45.73,46.57,7500
2022-06-07,47.02,47.02,45.58,46.87,3400
2022-06-08,46.87,47.25,46.72,47.25,5000
2022-06-09,47.48,47.56,46.72,47.33,4500
2022-06-10,47.25,47.25,47.18,47.18,400
2022-06-13,45.35,47.86,45.35,45.89,3000
2022-06-14,47.86,47.86,46.04,46.11,1000
2022-06-15,46.57,47.1,42.92,42.92,33100
2022-06-16,43.53,45.35,43.53,45.35,900
2022-06-17,45.2,45.58,43.0,45.58,3200
2022-06-20,45.51,45.58,44.06,44.06,6000
2022-06-21,44.54,44.54,44.54,44.54,800
2022-06-22,44.54,44.54,43.34,43.34,1500
2022-06-23,43.26,43.26,42.3,42.3,300
2022-06-24,41.5,44.62,41.5,44.62,900
2022-06-27,44.62,44.62,43.26,44.54,400
2022-06-28,44.54,44.54,44.54,44.54,0
2022-06-29,44.86,44.86,43.66,43.66,1300
2022-06-30,44.86,44.86,43.66,43.66,600
2022-07-01,43.74,43.74,42.46,42.86,4100
2022-07-04,42.86,42.94,42.86,42.94,700
2022-07-05,43.26,43.34,43.26,43.34,400
2022-07-06,43.66,44.06,42.94,42.94,2400
2022-07-07,42.94,42.94,42.46,42.94,6700
2022-07-08,43.5,43.5,43.5,43.5,600
2022-07-11,43.5,44.06,43.42,43.9,2100
2022-07-12,44.06,44.3,44.06,44.3,1100
2022-07-13,44.38,44.54,44.38,44.54,2800
2022-07-14,44.46,44.46,44.46,44.46,500
2022-07-15,44.46,44.62,44.06,44.62,1700
2022-07-18,44.7,44.78,44.7,44.78,200
2022-07-19,44.86,44.86,44.78,44.78,1200
2022-07-20,44.54,45.26,43.26,45.26,1000
2022-07-21,45.58,45.9,45.58,45.9,400
2022-07-22,45.9,45.9,45.9,45.9,100
2022-07-25,46.7,46.7,45.66,45.9,2100
2022-07-26,45.9,45.9,45.9,45.9,0
2022-07-27,44.86,46.22,44.86,46.22,700
2022-07-28,45.74,48.07,44.06,46.46,2300
2022-07-29,46.46,46.46,46.46,46.46,0
2022-08-01,45.82,48.07,45.82,48.07,1600
2022-08-02,47.67,49.67,47.67,48.47,6000
2022-08-03,48.87,48.87,48.87,48.87,900
2022-08-04,48.15,48.47,45.74,48.47,3100
2022-08-05,48.39,48.39,45.34,48.07,2400
2022-08-08,45.66,47.91,45.66,47.91,400
2022-08-09,47.75,47.75,47.75,47.75,1000
2022-08-10,45.98,47.27,45.9,46.86,2200
2022-08-11,46.86,47.83,45.34,47.83,4400
2022-08-12,47.27,47.83,47.27,47.83,2000
2022-08-15,46.06,47.67,46.06,47.67,2200
2022-08-16,47.59,47.59,46.22,46.86,3100
2022-08-17,45.98,46.86,45.98,46.86,2100
2022-08-18,46.86,46.86,46.86,46.86,600
2022-08-19,46.86,46.86,46.86,46.86,0
2022-08-22,44.38,45.74,44.38,45.66,4500
2022-08-23,44.54,45.66,44.46,45.66,1200
2022-08-24,45.66,45.66,45.66,45.66,1000
2022-08-25,45.66,45.66,45.66,45.66,200
2022-08-26,47.59,47.59,45.02,45.5,300
2022-08-29,44.22,45.58,44.22,45.58,600
2022-08-30,47.11,47.11,45.5,45.5,4000
2022-08-31,45.5,46.54,45.5,45.58,1800
2022-09-05,47.67,47.67,47.67,47.67,100
2022-09-06,47.67,47.67,47.67,47.67,0
2022-09-07,45.26,45.5,45.18,45.42,1900
2022-09-08,46.46,46.46,46.46,46.46,1600
2022-09-09,46.3,46.46,45.18,46.46,900
2022-09-12,46.38,46.46,46.38,46.46,1207
2022-09-13,47.27,47.27,45.74,45.74,1579
2022-09-14,45.58,45.82,45.34,45.42,7119
2022-09-15,45.42,45.42,45.42,45.42,210
2022-09-16,46.62,46.62,45.58,45.58,380
2022-09-19,45.66,45.66,44.94,45.02,10657
2022-09-20,44.94,45.42,44.86,45.42,7470
2022-09-21,44.86,45.42,44.62,45.34,9682
2022-09-22,46.38,46.46,46.38,46.46,210
2022-09-23,46.38,46.46,46.38,46.46,2112
2022-09-26,45.66,45.66,45.66,45.66,1400
2022-09-27,45.58,45.66,44.06,44.06,9000
2022-09-28,44.14,44.14,43.18,43.18,9735
2022-09-29,43.34,43.34,43.18,43.18,3935
2022-09-30,43.34,43.66,42.06,42.06,5302
2022-10-03,42.06,42.86,41.66,41.66,4991
2022-10-04,41.26,41.66,39.25,40.86,2910
2022-10-05,41.98,42.46,41.98,42.46,2650
2022-10-06,42.22,43.58,40.86,43.58,2009
2022-10-07,43.58,43.58,43.58,43.58,0
2022-10-10,40.86,41.66,40.86,41.66,1110
2022-10-11,41.66,41.66,41.66,41.66,0
2022-10-12,43.42,43.42,43.42,43.42,100
2022-10-13,43.42,43.42,43.42,43.42,0
2022-10-14,43.42,43.58,42.86,43.58,2005
2022-10-17,43.26,43.42,40.86,43.26,9110
2022-10-18,40.86,41.34,40.38,40.86,20100
2022-10-19,42.3,42.3,42.3,42.3,100
2022-10-20,42.38,42.38,40.7,40.7,1700
2022-10-21,40.78,41.58,39.73,40.14,12700
2022-10-24,40.22,40.22,38.45,38.85,8700
2022-10-25,39.25,39.25,38.45,38.53,3200
2022-10-26,39.25,39.25,38.69,38.81,2300
2022-10-27,40.06,40.14,39.33,40.06,5443
2022-10-28,40.06,40.78,40.06,40.06,7100
2022-10-31,40.06,40.46,40.06,40.22,2300
2022-11-01,40.22,43.02,40.06,42.38,5000
2022-11-02,42.38,42.38,42.38,42.38,1050
2022-11-03,42.38,42.38,41.66,41.66,1100
2022-11-04,41.74,41.74,40.06,40.06,2703
2022-11-07,41.58,41.66,41.58,41.66,400
2022-11-08,42.38,42.38,42.38,42.38,100
2022-11-09,42.38,42.38,42.38,42.38,0
2022-11-10,39.73,42.38,39.73,42.38,600
2022-11-11,40.86,42.38,40.86,42.38,1100
2022-11-14,39.65,39.65,39.65,39.65,142
2022-11-15,39.25,39.65,37.01,39.65,1803
2022-11-16,40.78,40.78,40.78,40.78,100
2022-11-17,41.26,41.66,41.26,41.66,200
2022-11-18,40.78,40.86,38.93,38.93,1100
2022-11-21,40.86,40.86,40.22,40.46,1220
2022-11-22,40.46,40.46,40.46,40.46,162
2022-11-23,40.62,40.62,40.06,40.06,3000
2022-11-24,40.06,40.06,40.06,40.06,0
2022-11-25,40.06,40.46,40.06,40.46,232
2022-11-28,40.38,40.38,40.38,40.38,200
2022-11-29,40.38,40.38,40.38,40.38,50
2022-11-30,39.25,40.38,39.25,40.3,2000
2022-12-01,40.3,40.3,39.25,40.22,2600
2022-12-02,40.14,40.22,40.14,40.22,1409
2022-12-05,40.22,40.22,40.06,40.06,7800
2022-12-06,40.06,40.06,39.9,39.9,300
2022-12-07,39.9,39.9,39.9,39.9,800
2022-12-08,39.9,39.9,39.9,39.9,1002
2022-12-09,40.06,40.06,37.89,40.06,5312
2022-12-12,40.06,40.06,40.06,40.06,50
2022-12-13,39.73,39.73,39.57,39.65,2722
2022-12-14,40.06,40.06,40.06,40.06,400
2022-12-15,39.25,39.29,39.25,39.25,1400
2022-12-16,40.31,40.31,40.31,40.31,100
2022-12-19,40.8,42.35,39.95,40.31,1200
2022-12-20,40.72,40.72,40.07,40.72,300
2022-12-21,41.78,41.78,41.78,41.78,101
2022-12-22,41.78,41.78,41.78,41.78,0
2022-12-23,41.78,41.78,41.78,41.78,0
2022-12-26,41.53,41.53,41.53,41.53,201
2022-12-27,39.99,42.35,39.99,42.35,4300
2022-12-28,40.56,40.56,40.56,40.56,300
2022-12-29,40.72,40.72,40.72,40.72,1200
2022-12-30,40.72,41.53,40.31,40.31,1399
2023-01-03,40.72,41.13,40.72,41.04,5128
2023-01-04,41.37,41.94,41.37,41.37,500
2023-01-05,40.72,40.72,40.72,40.72,1500
2023-01-06,40.72,41.13,40.47,41.13,3600
2023-01-09,41.21,41.21,41.21,41.21,300
2023-01-10,41.45,41.45,41.37,41.37,600
2023-01-11,41.37,41.37,41.37,41.37,0
2023-01-12,41.37,41.37,41.37,41.37,1400
2023-01-13,41.29,41.37,41.29,41.37,300
2023-01-16,41.53,42.02,41.53,42.02,1105
2023-01-17,42.35,42.35,42.35,42.35,200
2023-01-18,42.75,42.84,42.75,42.75,1500
2023-01-19,41.86,41.86,41.53,41.53,1000
2023-01-27,42.02,43.57,42.02,43.57,1100
2023-01-30,43.57,44.71,43.57,43.73,410
2023-01-31,43.81,43.9,43.65,43.9,3400
2023-02-01,43.98,43.98,43.98,43.98,200
2023-02-02,42.75,44.38,42.75,44.38,200
2023-02-03,43.16,44.38,42.75,44.38,700
2023-02-06,44.47,44.71,44.47,44.71,3200
2023-02-07,44.55,44.55,44.55,44.55,2700
2023-02-08,44.55,44.55,44.55,44.55,0
2023-02-09,44.55,44.55,44.55,44.55,0
2023-02-10,42.84,44.63,42.84,44.63,252
2023-02-13,43.98,43.98,43.98,43.98,2200
2023-02-14,44.47,44.47,44.47,44.47,400
2023-02-15,44.47,44.47,44.47,44.47,1
2023-02-16,43.16,44.47,43.16,44.47,601
2023-02-17,43.57,43.81,43.57,43.81,280
2023-02-20,45.61,46.34,43.98,46.34,2500
2023-02-21,44.55,44.55,44.38,44.38,600
2023-02-22,45.61,46.34,45.61,46.01,1500
2023-02-23,44.38,46.26,44.38,46.26,1300
2023-02-24,46.26,46.26,46.26,46.26,0
2023-02-27,46.42,46.42,46.09,46.09,2301
2023-02-28,46.09,46.09,46.09,46.09,1
2023-03-01,45.61,46.42,43.98,43.98,3300
2023-03-02,44.14,44.14,44.14,44.14,2000
2023-03-03,44.06,44.06,43.16,43.98,2150
2023-03-06,44.38,46.09,44.38,46.01,3711
2023-03-07,46.09,46.09,46.01,46.09,750
2023-03-08,46.09,46.09,46.09,46.09,8
2023-03-09,46.09,46.09,46.09,46.09,0
2023-03-10,44.14,44.14,44.14,44.14,108
2023-03-13,44.22,44.22,44.22,44.22,100
2023-03-14,44.22,44.22,44.22,44.22,0
2023-03-15,46.09,46.09,46.09,46.09,100
2023-03-16,44.14,44.14,44.14,44.14,100
2023-03-17,44.14,44.14,44.14,44.14,200
2023-03-20,44.14,44.14,44.14,44.14,0
2023-03-21,44.14,44.14,44.14,44.14,0
2023-03-22,41.94,42.1,41.94,42.1,400
2023-03-23,42.1,42.1,42.1,42.1,301
2023-03-24,42.1,42.35,42.1,42.35,1300
2023-03-27,44.38,44.38,44.38,44.38,170
2023-03-28,41.94,42.35,41.94,42.35,2100
2023-03-29,42.35,42.35,42.18,42.18,2440
2023-03-30,42.27,43.16,42.18,43.16,5420
2023-03-31,43.16,43.24,43.16,43.16,1850
2023-04-03,41.94,41.94,41.13,41.13,300
2023-04-04,41.13,41.13,41.13,41.13,2
2023-04-05,41.13,41.13,41.13,41.13,4
2023-04-06,41.21,43.98,41.21,41.61,800
2023-04-07,41.61,41.61,41.61,41.61,0
2023-04-10,42.02,42.02,41.94,41.94,300
2023-04-11,41.94,42.27,41.94,42.27,1202
2023-04-12,42.35,43.73,42.35,43.57,2402
2023-04-13,43.65,46.5,41.61,46.5,5401
2023-04-14,46.42,46.42,45.85,45.85,6107
2023-04-17,43.65,43.65,43.65,43.65,2750
2023-04-18,43.65,43.65,43.65,43.65,1785
2023-04-19,43.65,43.65,43.65,43.65,100
2023-04-20,43.65,43.65,43.65,43.65,1
2023-04-21,43.57,43.57,41.53,41.53,4500
2023-04-24,43.98,44.38,43.98,44.38,702
2023-04-25,44.38,44.38,44.38,44.38,1
2023-04-26,44.38,44.47,44.38,44.47,802
2023-04-27,44.47,44.47,44.47,44.47,1
2023-04-28,43.98,44.47,43.98,44.47,503
2023-05-04,44.47,45.2,44.47,45.2,800
2023-05-05,42.51,44.95,42.51,44.95,3000
2023-05-08,46.75,46.75,43.57,43.57,2100
2023-05-09,45.12,45.12,43.57,45.12,1800
2023-05-10,45.12,45.12,45.12,45.12,400
2023-05-11,45.04,45.04,45.04,45.04,203
2023-05-12,45.12,45.61,45.12,45.61,2032
2023-05-15,43.57,44.79,43.57,44.79,1100
2023-05-16,44.79,44.79,44.79,44.79,301
2023-05-17,44.79,44.79,44.38,44.79,4602
2023-05-18,44.38,44.38,44.3,44.3,600
2023-05-19,43.33,43.33,41.61,41.61,3011
2023-05-22,43.08,43.08,43.08,43.08,200
2023-05-23,43.08,43.16,43.08,43.16,2206
2023-05-24,43.16,43.16,43.16,43.16,0
2023-05-25,45.12,45.12,44.71,45.12,3500
2023-05-26,42.51,43.16,42.51,43.16,300
2023-05-29,43.16,43.16,43.16,43.16,403
2023-05-30,43.16,43.16,43.16,43.16,100
2023-05-31,43.98,43.98,43.16,43.16,1802
2023-06-01,43.16,43.16,43.16,43.16,100
2023-06-02,43.16,45.2,43.16,45.2,5500
2023-06-05,45.2,48.29,45.2,48.29,3701
2023-06-06,46.42,46.42,45.04,45.04,5501
2023-06-07,45.04,45.04,45.04,45.04,1
2023-06-08,45.04,45.04,42.67,44.79,5821
2023-06-09,45.79,46.12,45.71,46.12,2100
2023-06-12,46.12,46.62,46.12,46.54,2600
2023-06-13,46.54,47.62,46.54,47.62,1300
2023-06-14,47.62,47.62,47.62,47.62,14
2023-06-15,46.87,47.04,46.87,46.87,1801
2023-06-16,46.21,47.12,46.21,47.04,1900
2023-06-19,47.04,47.04,47.04,47.04,0
2023-06-20,44.96,45.21,44.96,45.21,2400
2023-06-21,45.21,45.21,44.12,44.12,200
2023-06-22,47.12,47.2,46.54,46.62,2750
2023-06-23,46.62,46.62,46.62,46.62,1763
2023-06-26,46.62,47.37,46.62,47.04,1000
2023-06-27,47.04,47.04,47.04,47.04,0
2023-06-28,44.96,44.96,44.96,44.96,100
2023-06-29,45.37,45.37,45.37,45.37,200
2023-06-30,45.37,45.37,45.37,45.37,0
2023-07-03,47.37,47.37,45.37,47.37,1300
2023-07-04,45.54,47.45,45.54,47.45,1100
2023-07-05,47.87,47.87,47.87,47.87,3220
2023-07-06,49.12,49.12,47.45,47.45,801
2023-07-07,45.96,47.45,45.96,47.45,1101
2023-07-10,47.45,49.12,47.45,48.7,7301
2023-07-11,48.7,48.7,48.7,48.7,510
2023-07-12,49.12,49.54,49.12,49.54,700
2023-07-13,49.54,49.54,49.54,49.54,0
2023-07-14,50.81,50.81,50.81,50.81,2400
2023-07-17,47.59,51.65,47.5,51.65,1100
2023-07-18,51.65,51.65,48.35,49.96,1502
2023-07-19,49.96,49.96,49.96,49.96,700
2023-07-20,50.04,50.13,50.04,50.13,700
2023-07-21,50.13,50.81,50.13,50.38,2700
2023-07-24,50.38,50.38,47.33,47.33,1300
2023-07-25,47.33,50.3,47.16,47.33,1900
2023-07-26,50.64,50.64,50.64,50.64,200
2023-07-27,50.64,50.64,50.64,50.64,32
2023-07-28,47.5,47.84,47.5,47.84,300
2023-07-31,47.84,47.84,47.84,47.84,0
2023-08-01,47.84,47.84,47.84,47.84,0
2023-08-02,45.47,45.47,45.47,45.47,3000
2023-08-03,45.81,48.52,44.03,48.52,1100
2023-08-04,48.52,48.52,48.52,48.52,0
2023-08-07,48.52,48.52,47.42,47.42,200
2023-08-08,47.42,47.84,47.42,47.84,200
2023-08-09,48.27,48.27,48.27,48.27,101
2023-08-10,49.03,49.03,46.99,46.99,401
2023-08-11,48.94,50.13,47.25,47.25,6200
2023-08-14,47.5,50.04,47.5,50.04,2160
2023-08-15,49.96,49.96,49.96,49.96,406
2023-08-16,49.96,49.96,49.96,49.96,100
2023-08-17,48.27,48.27,48.27,48.27,102
2023-08-18,46.4,46.4,46.4,46.4,300
2023-08-21,46.49,46.66,46.49,46.66,1300
2023-08-22,46.66,46.66,46.66,46.66,50
2023-08-23,46.66,46.66,46.66,46.66,5
2023-08-24,46.66,46.66,46.66,46.66,100
2023-08-25,46.66,46.66,46.66,46.66,105
2023-08-28,46.66,46.66,46.66,46.66,29
2023-08-29,46.66,46.66,46.66,46.66,10
2023-08-30,46.49,46.49,46.49,46.49,700
2023-08-31,46.49,46.49,46.49,46.49,8
2023-09-05,46.57,46.57,46.57,46.57,105
2023-09-06,46.74,46.74,46.57,46.66,5896
2023-09-07,46.74,46.74,46.74,46.74,100
2023-09-08,47.42,47.84,47.42,47.84,2010
2023-09-11,47.84,47.84,47.84,47.84,1
2023-09-12,48.1,48.6,46.99,46.99,2403
2023-09-13,48.6,48.6,48.6,48.6,103
2023-09-14,47.84,47.84,47.84,47.84,1201
2023-09-15,47.84,47.84,47.84,47.84,1
2023-09-18,46.74,46.74,46.74,46.74,109
2023-09-19,46.74,47.84,46.74,47.84,700
2023-09-20,47.84,47.84,47.84,47.84,200
2023-09-21,47.84,49.03,47.84,49.03,401
2023-09-22,49.03,49.03,49.03,49.03,100
2023-09-25,49.11,49.11,46.99,46.99,400
2023-09-26,46.99,46.99,46.99,46.99,18
2023-09-27,44.96,45.3,44.96,45.3,600
2023-09-28,45.3,45.3,45.3,45.3,0
2023-09-29,48.43,48.43,48.43,48.43,300
2023-10-02,46.49,49.11,46.49,49.11,1100
2023-10-03,46.66,49.03,46.66,49.03,200
2023-10-04,49.03,49.03,48.94,48.94,500
2023-10-05,49.03,49.03,48.69,49.03,1500
2023-10-06,49.03,49.96,49.03,49.96,1700
2023-10-09,49.79,50.38,49.79,50.3,12101
2023-10-10,49.96,50.38,49.96,50.3,2100
2023-10-11,50.38,50.38,50.38,50.38,3400
2023-10-12,50.38,50.38,49.2,49.37,904
2023-10-13,49.96,50.3,49.96,50.13,4315
2023-10-16,50.13,50.38,50.13,50.38,4600
2023-10-17,50.38,50.72,50.38,50.38,3510
2023-10-18,50.38,50.72,50.38,50.72,2200
2023-10-19,51.23,51.23,50.72,50.72,8440
2023-10-20,49.7,50.81,49.7,50.81,3010
2023-10-23,53.37,53.37,53.37,53.37,102
2023-10-24,49.66,53.28,49.66,53.02,1601
2023-10-25,50.1,52.49,50.1,52.22,3001
2023-10-26,52.22,52.22,52.22,52.22,100
2023-10-27,50.19,51.69,50.19,51.69,2100
2023-10-30,49.75,49.92,49.66,49.92,2900
2023-10-31,53.37,53.37,49.66,49.75,1906
2023-11-01,50.81,50.81,49.66,49.66,600
2023-11-02,49.66,50.98,49.66,50.81,5000
2023-11-03,49.92,49.92,49.92,49.92,200
2023-11-06,51.07,53.37,51.07,51.51,3543
2023-11-07,51.34,51.34,51.25,51.25,700
2023-11-08,51.25,52.13,51.25,52.13,600
2023-11-09,52.57,53.37,52.13,52.31,2807
2023-11-10,54.69,54.69,54.34,54.43,1647
2023-11-13,54.43,54.43,54.43,54.43,129
2023-11-14,53.9,54.43,51.51,54.43,5523
2023-11-15,54.43,55.23,54.43,55.23,800
2023-11-16,53.02,54.69,52.13,54.61,600
2023-11-17,52.57,53.9,52.13,53.72,2100
2023-11-20,53.9,54.61,53.9,54.43,1905
2023-11-21,51.69,54.69,51.69,52.57,312
2023-11-22,55.23,55.23,54.25,54.34,714
2023-11-23,54.61,54.69,53.02,54.34,3601
2023-11-24,56.74,56.74,55.36,56.28,3200
2023-11-27,56.28,56.28,53.05,56.28,605
2023-11-28,53.6,53.6,53.6,53.6,100
2023-11-29,55.91,55.91,55.91,55.91,108
2023-11-30,55.82,55.82,55.36,55.36,3902
2023-12-01,56.28,56.28,56.1,56.1,700
2023-12-04,56.74,56.74,56.74,56.74,502
2023-12-05,57.2,57.66,55.36,57.66,8430
2023-12-06,57.66,57.66,57.2,57.2,1115
2023-12-07,57.2,57.66,57.2,57.66,1111
2023-12-08,57.66,57.66,57.3,57.66,1158
2023-12-11,57.3,57.66,57.3,57.66,816
2023-12-12,57.2,57.66,57.2,57.66,4415
2023-12-13,58.13,58.77,57.66,57.66,1601
2023-12-14,57.39,58.77,54.44,58.77,11900
2023-12-15,56.37,58.77,56.37,58.77,2800
2023-12-18,58.77,58.77,56.28,56.28,2642
2023-12-19,58.49,58.49,56.74,57.39,3500
2023-12-20,57.11,57.94,57.02,57.39,2427
2023-12-21,57.39,57.66,57.39,57.66,900
2023-12-22,57.2,57.48,57.2,57.48,2114
2023-12-25,59.05,59.05,57.85,59.05,2501
2023-12-26,59.05,61.82,59.05,61.82,6560
2023-12-27,63.29,63.29,60.89,60.89,2208
2023-12-28,60.52,63.48,60.52,62.74,4059
2023-12-29,63.2,63.2,62.55,62.83,33544
2024-01-02,63.2,63.2,63.11,63.2,6705
2024-01-03,63.2,63.2,63.11,63.11,8115
2024-01-04,62.92,64.12,60.43,63.2,801
2024-01-05,63.2,63.2,63.11,63.11,3804
2024-01-08,63.66,64.49,63.66,63.66,1610
2024-01-09,63.66,63.94,63.66,63.94,4314
2024-01-10,64.12,64.58,63.94,63.94,7139
2024-01-11,64.21,64.21,64.03,64.03,3608
2024-01-12,64.03,65.05,64.03,64.68,9200
2024-01-15,64.68,66.43,64.68,66.43,26703
2024-01-16,66.43,66.89,66.24,66.43,4754
2024-01-17,66.43,66.89,66.24,66.89,8305
2024-01-18,66.89,66.89,65.97,66.06,2425
2024-01-19,68.28,69.26,66.33,68.77,9300
2024-01-22,65.26,66.24,65.26,66.04,2600
2024-01-23,66.14,66.82,66.04,66.82,1810
2024-01-24,66.82,66.82,66.72,66.72,2200
2024-01-25,66.72,68.19,65.36,68.19,1100
2024-01-26,68.19,68.19,68.09,68.09,1127
2024-01-29,68.09,68.28,67.8,68.28,1600
2024-01-30,68.19,70.33,68.19,70.33,1826
2024-01-31,68.38,68.38,68.28,68.28,800
2024-02-01,68.28,68.28,68.28,68.28,1326
2024-02-02,68.28,69.16,68.28,69.16,1111
2024-02-05,69.26,69.26,69.26,69.26,2006
2024-02-06,69.26,69.26,69.26,69.26,7300
2024-02-07,69.75,70.24,69.26,70.24,5752
2024-02-15,72.87,74.63,71.21,74.63,9805
2024-02-16,74.63,74.63,72.19,72.19,4801
2024-02-19,72.19,73.16,72.19,72.67,928
2024-02-20,73.16,73.16,72.67,72.67,2402
2024-02-21,72.67,72.67,71.99,72.58,901
2024-02-22,72.58,72.58,71.7,72.58,3100
2024-02-23,71.21,72.19,70.72,72.19,2100
2024-02-26,72.19,72.19,71.7,71.7,1022
2024-02-27,71.7,74.63,71.7,74.04,7800
2024-02-28,73.94,73.94,70.92,73.06,2121
2024-02-29,72.67,73.06,71.21,73.06,500
2024-03-01,73.06,73.06,71.02,72.87,600
2024-03-04,71.89,71.89,71.21,71.21,2400
2024-03-05,71.6,71.6,71.21,71.5,1951
2024-03-06,68.58,71.31,68.58,71.31,900
2024-03-07,71.21,71.21,71.21,71.21,145
2024-03-08,70.63,71.02,70.24,71.02,1206
2024-03-11,71.21,71.21,70.72,71.11,901
2024-03-12,70.24,71.02,68.68,71.02,804
2024-03-13,70.24,70.92,70.24,70.92,200
2024-03-14,68.38,70.82,68.38,70.72,400
2024-03-15,68.38,70.14,68.38,70.14,310
2024-03-18,67.41,70.04,66.63,70.04,630
2024-03-19,71.11,71.11,69.26,70.92,1400
2024-03-20,68.77,70.72,68.77,70.72,600
2024-03-21,70.72,71.21,70.72,71.02,3802
2024-03-22,71.02,71.02,71.02,71.02,0
2024-03-25,70.43,70.43,70.43,70.43,1200
2024-03-26,70.14,70.14,68.97,68.97,200
2024-03-27,69.26,69.65,69.26,69.65,400
2024-03-28,69.07,70.14,68.28,70.04,1800
2024-03-29,70.04,70.04,69.26,69.94,700
2024-04-01,70.04,70.04,69.94,70.04,1600
2024-04-02,69.94,70.04,69.94,70.04,2201
2024-04-03,70.14,70.14,70.14,70.14,1701
2024-04-04,70.04,70.04,69.94,69.94,5302
2024-04-05,70.14,70.14,69.75,69.75,440
2024-04-08,69.75,69.75,68.77,69.16,3700
2024-04-09,69.16,69.16,68.09,69.07,1402
2024-04-10,69.07,69.07,68.97,68.97,701
2024-04-11,68.77,68.77,66.82,68.19,2900
2024-04-12,67.31,68.09,64.58,68.09,2400
2024-04-15,67.8,67.8,66.33,66.33,901
2024-04-16,66.33,66.33,66.33,66.33,5800
2024-04-17,63.51,66.33,63.51,66.33,300
2024-04-19,63.9,65.85,63.9,65.75,620
2024-04-22,64.68,64.68,63.9,63.99,6915
2024-04-23,63.9,64.38,63.9,64.38,2403
2024-04-24,64.38,66.33,64.38,66.33,200
2024-04-25,68.38,68.38,68.38,68.38,118
2024-04-26,68.87,68.97,67.99,67.99,2120
2024-05-02,67.89,68.28,67.89,68.28,1800
2024-05-03,68.48,68.48,68.48,68.48,101
2024-05-06,68.48,68.48,64.97,68.28,400
2024-05-07,68.68,68.68,64.48,64.48,4574
2024-05-08,68.19,68.19,68.19,68.19,400
2024-05-09,67.31,67.31,66.33,66.33,4381
2024-05-10,66.82,67.31,66.82,67.21,606
2024-05-13,67.21,67.31,65.16,65.16,400
2024-05-14,67.21,67.31,67.21,67.21,2220
2024-05-15,67.8,67.8,66.82,66.82,10200
2024-05-16,66.82,66.82,66.82,66.82,70
2024-05-17,66.82,66.82,66.82,66.82,114
2024-05-20,66.14,66.33,66.14,66.33,2415
2024-05-21,66.33,66.33,66.33,66.33,5053
2024-05-22,66.82,68.28,66.33,66.33,11310
2024-05-23,68.28,68.28,68.19,68.19,1610
2024-05-24,68.19,68.19,67.99,67.99,1228
2024-05-27,67.99,67.99,67.8,67.8,640
2024-05-28,67.8,68.28,67.31,68.28,3860
2024-05-29,66.72,68.19,66.72,68.19,1300
2024-05-30,66.92,68.19,66.92,68.19,610
2024-05-31,68.19,68.19,67.8,67.8,600
2024-06-03,66.82,68.09,66.82,68.09,2300
2024-06-04,68.09,68.09,68.09,68.09,308
2024-06-05,66.92,66.92,66.92,66.92,4902
2024-06-06,66.92,66.92,66.92,66.92,0
2024-06-07,66.92,66.92,66.82,66.82,1200
2024-06-10,66.82,71.31,66.82,69.16,1889
2024-06-11,69.16,69.16,69.07,69.07,1908
2024-06-12,69.07,69.07,69.07,69.07,0
2024-06-13,67.02,67.02,67.02,67.02,500
2024-06-14,67.8,67.8,67.8,67.8,400
2024-06-17,67.31,68.28,67.31,68.28,1700
2024-06-18,68.28,68.28,68.28,68.28,420
2024-06-19,68.28,68.28,68.28,68.28,1000
2024-06-20,67.11,67.21,67.02,67.21,2200
2024-06-21,67.21,67.21,67.21,67.21,0
2024-06-24,67.21,68.28,67.21,68.28,2620
2024-06-25,67.31,68.28,67.31,67.6,2040
2024-06-26,69.26,69.26,68.28,68.28,2100
2024-06-27,68.28,68.28,67.41,67.41,700
2024-06-28,67.31,69.26,67.31,69.26,1020
2024-07-01,67.41,67.41,67.31,67.31,1000
2024-07-02,68.28,68.28,68.28,68.28,100
2024-07-03,68.28,68.28,63.6,68.28,2800
2024-07-04,68.28,68.28,68.28,68.28,100
2024-07-05,68.28,68.28,67.8,67.8,200
2024-07-08,65.46,68.09,65.46,68.09,822
2024-07-09,68.28,68.28,66.82,66.82,1658
2024-07-10,71.11,71.31,71.11,71.31,501
2024-07-11,70.24,70.24,67.02,67.02,200
2024-07-12,69.26,69.26,68.77,68.77,2100
2024-07-15,68.77,68.77,67.31,67.31,3200
2024-07-16,70.24,71.11,70.24,70.63,1310
2024-07-17,68.28,70.24,67.31,70.14,500
2024-07-18,69.65,69.65,65.46,65.46,2200
2024-07-19,65.55,68.28,65.55,65.85,7785
2024-07-22,65.85,67.11,65.85,67.11,6400
2024-07-23,66.72,66.82,66.72,66.72,1400
2024-07-24,66.53,66.92,66.53,66.92,1900
2024-07-25,66.72,66.82,66.72,66.82,600
2024-07-26,66.63,66.82,66.63,66.82,1700
2024-07-29,68.19,68.19,68.19,68.19,200
2024-07-30,67.8,68.19,67.8,68.19,300
2024-07-31,68.19,68.19,68.19,68.19,200
2024-08-01,68.28,68.28,68.28,68.28,100
2024-08-02,69.26,69.26,69.26,69.26,136
2024-08-05,68.28,69.16,65.46,69.07,2905
2024-08-06,69.07,69.07,69.07,69.07,0
2024-08-07,68.38,68.48,68.38,68.48,2200
2024-08-08,68.19,68.19,68.19,68.19,809
2024-08-09,70.14,70.14,70.14,70.14,167
2024-08-12,69.75,69.75,69.75,69.75,1250
2024-08-13,69.75,69.75,69.75,69.75,0
2024-08-14,69.65,69.65,69.65,69.65,103
2024-08-15,69.65,69.65,69.65,69.65,10
2024-08-16,69.36,69.36,69.36,69.36,114
2024-08-19,69.36,69.36,69.36,69.36,1
2024-08-20,68.19,68.68,67.31,68.68,870
2024-08-21,67.31,67.31,67.31,67.31,230
2024-08-22,67.31,67.31,66.33,67.31,1920
2024-08-23,67.31,67.31,67.31,67.31,310
2024-08-26,67.31,68.19,64.87,68.19,4424
2024-08-27,67.31,67.31,66.33,66.33,2000
2024-08-28,66.43,66.43,66.33,66.33,400
2024-08-29,67.31,67.31,66.33,66.33,1500
2024-08-30,66.33,67.21,63.41,67.21,20148
2024-09-04,67.11,67.21,67.11,67.21,1400
2024-09-05,67.21,67.21,67.21,67.21,200
2024-09-06,66.53,66.63,63.6,66.63,2800
2024-09-09,63.41,66.33,63.41,66.33,1100
2024-09-10,66.33,66.33,66.33,66.33,0
2024-09-11,66.24,66.24,66.14,66.14,300
2024-09-12,65.85,65.85,63.51,63.51,1300
2024-09-13,63.51,65.07,63.51,64.97,3300
2024-09-16,65.36,65.36,63.6,65.16,4561
2024-09-17,63.8,65.36,63.8,65.07,3300
2024-09-18,65.07,65.16,65.07,65.16,600
2024-09-19,64.77,64.77,64.77,64.77,1235
2024-09-20,64.77,64.77,64.77,64.77,202
2024-09-23,63.9,65.16,63.9,65.16,900
2024-09-24,63.7,65.16,63.7,65.16,600
2024-09-25,65.16,65.36,65.16,65.36,901
2024-09-26,66.04,66.04,65.85,65.85,208
2024-09-27,65.26,65.26,65.26,65.26,127
2024-09-30,65.26,65.26,65.26,65.26,100
2024-10-01,65.07,65.07,64.87,64.87,300
2024-10-02,64.87,64.87,64.38,64.38,4400
2024-10-03,64.38,64.38,63.41,63.6,5300
2024-10-04,64.09,64.19,64.09,64.19,900
2024-10-07,63.6,68.19,63.6,68.19,4500
2024-10-08,68.09,68.09,66.33,67.7,917
2024-10-09,67.31,68.28,67.31,67.8,2716
2024-10-10,67.7,68.28,67.31,67.31,6600
2024-10-11,67.8,68.09,67.6,67.6,300
2024-10-14,66.33,66.33,65.36,65.36,403
2024-10-15,67.31,69.07,67.31,67.31,7043
2024-10-16,69.26,69.36,66.82,69.07,3421
2024-10-17,67.31,67.31,67.31,67.31,401
2024-10-18,67.31,67.31,67.31,67.31,0
2024-10-21,67.31,67.31,67.31,67.31,230
2024-10-22,67.31,67.31,67.31,67.31,0
2024-10-23,67.31,67.31,67.31,67.31,700
2024-10-24,67.21,67.21,67.21,67.21,100
2024-10-25,67.02,67.02,67.02,67.02,100
2024-10-28,68.28,68.28,65.36,65.36,1400
2024-10-29,68.28,68.87,68.28,68.87,2200
2024-10-30,68.87,68.87,68.87,68.87,0
2024-10-31,68.28,68.28,68.28,68.28,100
2024-11-01,68.28,69.26,68.28,69.26,1900
2024-11-04,65.36,69.16,65.36,69.16,1700
2024-11-05,68.28,68.28,67.31,67.31,400
2024-11-06,67.31,67.31,67.31,67.31,0
2024-11-07,67.31,67.31,67.31,67.31,0
2024-11-08,67.31,67.8,65.85,65.85,2200
2024-11-11,66.33,66.82,65.85,66.72,2300
2024-11-12,66.04,66.04,66.04,66.04,100
2024-11-13,66.33,66.82,65.36,66.82,802
2024-11-14,66.82,66.82,66.82,66.82,200
2024-11-15,65.85,66.72,65.85,66.72,3600
2024-11-18,69.26,69.26,65.94,65.94,2002
2024-11-19,65.36,65.36,65.36,65.36,802
2024-11-20,68.19,68.19,68.19,68.19,304
2024-11-21,68.19,68.19,68.19,68.19,2
2024-11-22,68.19,68.19,67.89,67.89,300
2024-11-25,67.99,67.99,64.68,64.68,2100
2024-11-26,66.33,66.33,66.33,66.33,209
2024-11-27,67.31,67.31,67.31,67.31,1002
2024-11-28,65.85,67.31,65.85,66.33,2600
2024-11-29,67.31,67.31,67.31,67.31,1900
2024-12-02,67.8,67.99,67.02,67.99,3500
2024-12-03,68.09,68.28,67.8,67.89,1550
2024-12-04,67.8,67.8,67.8,67.8,500
2024-12-05,67.8,68.28,67.8,68.19,2440
2024-12-06,71.21,72.58,65.94,72.19,3200
2024-12-09,71.11,72.09,68.77,69.26,2405
2024-12-10,69.16,71.7,69.16,71.7,1800
2024-12-11,71.1,71.1,66.8,66.8,5300
2024-12-12,66.8,67.0,66.8,66.8,6500
2024-12-13,66.8,70.9,66.0,70.9,2300
2024-12-16,67.8,67.8,66.1,66.1,523
2024-12-17,66.9,69.8,66.9,66.9,5627
2024-12-18,68.9,68.9,67.2,67.2,2805
2024-12-19,67.8,67.8,66.6,67.5,3156
2024-12-20,69.0,69.5,67.0,69.5,9000
2024-12-23,69.5,69.5,69.5,69.5,400
2024-12-24,69.5,70.0,68.0,68.0,5000
2024-12-25,69.5,69.8,69.0,69.0,2000
2024-12-26,69.8,69.8,67.1,69.7,1400
2024-12-27,69.7,69.7,67.2,69.5,5600
2024-12-30,67.2,67.2,67.2,67.2,100
2024-12-31,69.6,69.6,69.5,69.5,300
2025-01-02,67.6,69.6,67.6,69.6,1000
2025-01-03,68.0,69.6,67.5,67.5,2300
2025-01-06,67.0,69.0,67.0,68.0,4200
2025-01-07,70.0,70.0,67.2,69.0,1500
2025-01-08,70.0,70.0,68.5,68.5,1600
2025-01-10,68.5,69.0,67.0,69.0,9600
2025-01-13,68.5,68.5,65.2,65.2,4700
2025-01-14,69.4,69.4,69.4,69.4,100
2025-01-15,69.5,69.5,65.2,65.3,1600
2025-01-16,67.0,67.0,66.5,67.0,500
2025-01-17,69.4,69.5,66.5,66.5,2300
2025-01-20,69.0,69.0,67.1,67.5,800
2025-01-21,67.0,67.0,67.0,67.0,200
2025-01-22,67.2,67.9,67.1,67.9,5300
2025-01-23,67.3,67.7,67.2,67.7,1300
2025-01-24,67.0,69.0,66.5,66.5,1600
2025-02-03,66.6,68.6,65.0,65.0,14500
2025-02-04,67.8,68.0,67.8,67.9,1100
2025-02-05,67.9,69.5,67.8,67.8,1400
2025-02-06,67.7,67.7,66.0,66.0,1300
2025-02-07,67.1,67.5,66.2,67.0,2900
2025-02-10,67.2,67.8,66.3,66.3,3900
2025-02-11,66.5,66.5,66.5,66.5,500
2025-02-12,66.1,67.0,65.8,66.0,4800
2025-02-13,66.0,67.0,65.5,67.0,1800
2025-02-17,65.6,67.0,65.6,66.9,3100
2025-02-18,67.0,67.0,66.8,66.9,2700
2025-02-19,66.9,67.1,66.8,66.8,2500
2025-02-20,66.8,66.8,66.8,66.8,2900
2025-02-21,66.8,66.8,66.8,66.8,1100
2025-02-24,66.3,66.4,66.3,66.3,400
2025-02-26,66.3,67.0,66.3,66.8,1800
2025-02-27,66.8,67.0,66.8,66.9,5400
2025-02-28,66.9,66.9,66.9,66.9,1700
2025-03-03,66.9,67.0,66.9,66.9,1100
2025-03-04,66.9,67.0,66.6,67.0,4800
2025-03-05,67.9,68.0,67.0,67.8,3200
2025-03-06,66.0,66.0,66.0,66.0,100
2025-03-07,66.0,67.0,66.0,67.0,3800
2025-03-10,67.0,68.4,66.2,66.3,800
2025-03-11,66.1,66.1,65.9,65.9,1000
2025-03-12,65.0,65.2,65.0,65.1,2300
2025-03-13,65.3,66.9,65.3,66.9,3300
2025-03-14,66.3,66.7,66.3,66.7,1100
2025-03-17,66.1,66.1,66.1,66.1,400
2025-03-18,67.6,67.7,66.6,67.0,2300
2025-03-19,66.1,67.0,66.1,67.0,2600
2025-03-20,67.0,67.7,66.7,67.6,4500
2025-03-21,67.5,67.5,67.5,67.5,2000
2025-03-25,67.3,67.8,67.1,67.1,5200
2025-03-26,67.1,67.1,67.0,67.0,2200
2025-03-27,66.8,68.5,66.8,67.5,4400
2025-03-28,67.5,67.5,66.5,66.5,1800
2025-03-31,66.5,66.5,66.4,66.4,200
2025-04-01,66.6,66.6,66.5,66.5,1800
2025-04-02,67.5,68.4,66.6,66.6,1900
2025-04-03,66.2,66.2,62.3,62.6,4400
2025-04-04,65.0,65.0,58.7,65.0,2300
2025-04-08,65.0,65.0,63.0,63.0,1500
2025-04-09,63.0,63.3,62.7,63.3,6400
2025-04-10,65.0,67.4,65.0,67.4,1400
2025-04-11,67.4,67.5,66.0,66.0,5300
2025-04-14,65.0,65.0,64.0,64.0,1500
2025-04-15,66.0,66.6,64.1,64.2,2800
2025-04-16,64.3,64.3,64.2,64.2,6600
2025-04-17,65.0,65.0,65.0,65.0,100
2025-04-18,65.0,68.0,65.0,67.7,5600
2025-04-21,67.7,67.9,65.8,65.8,400
2025-04-22,65.5,65.5,65.0,65.2,600
2025-04-23,65.3,65.3,65.3,65.3,100
2025-04-24,66.6,67.5,66.6,67.5,500
2025-04-25,67.5,67.5,66.1,66.1,1000
2025-04-28,67.4,67.4,65.1,66.6,1700
2025-04-29,67.4,67.4,67.4,67.4,700
2025-05-05,67.5,68.5,67.4,67.4,3900
2025-05-06,68.5,68.5,66.2,68.5,3200
2025-05-08,68.5,69.5,67.3,67.3,4700
2025-05-09,72.0,72.0,67.6,67.8,2600
2025-05-12,67.2,67.3,66.6,66.6,3100
2025-05-13,70.8,70.8,67.2,67.2,900
2025-05-14,70.0,70.0,67.0,67.0,500
2025-05-15,67.0,67.0,66.8,67.0,4300
2025-05-16,67.0,67.0,66.2,66.2,3300
2025-05-19,66.2,66.2,66.2,66.2,15100
2025-05-20,65.0,65.0,65.0,65.0,14600
